id,name,phone_number,email,created_at,last_active_at,is_vip,total_balance,is_email_valid,is_phone_valid
1,User_1,998128444903,user1@maildomain7.com,2025-04-09 01:45:30.000000,2025-04-30 22:45:30.000000,True,885513532,True,True
2,User_2,998187425759,user2@maildomain3.com,2025-04-30 18:45:30.000000,2025-02-15 04:45:30.000000,True,243200511,True,True
3,User_3,998467219479,user3@maildomain6.com,2025-04-20 11:45:30.000000,2025-02-06 17:45:30.000000,True,510861563,True,True
4,User_4,998616717954,user4@maildomain1.com,2025-04-11 04:45:30.000000,2025-02-15 00:45:30.000000,True,92121785,True,True
5,User_5,998796241248,user5@maildomain8.com,2025-02-08 23:45:30.000000,2025-03-30 04:45:30.000000,False,146980613,True,True
6,User_6,998986371946,user6@maildomain7.com,2025-04-14 20:45:30.000000,2025-04-30 00:45:30.000000,True,797761061,True,True
7,User_7,998710866173,user7@maildomain5.com,2025-02-07 22:45:30.000000,2025-02-13 10:45:30.000000,True,964151091,True,True
8,User_8,998454629675,user8@maildomain2.com,2025-03-05 17:45:30.000000,2025-04-08 20:45:30.000000,False,296589039,True,True
9,User_9,998247867186,user9@maildomain8.com,2025-04-13 16:45:30.000000,2025-02-20 00:45:30.000000,True,377151177,True,True
10,User_10,998301822354,user10@maildomain1.com,2025-02-10 20:45:30.000000,2025-02-28 00:45:30.000000,True,124747228,True,True
11,User_11,998409508721,user11@maildomain10.com,2025-02-09 06:45:30.000000,2025-04-07 18:45:30.000000,False,482765887,True,True
12,User_12,998317990828,user12@maildomain3.com,2025-03-31 23:45:30.000000,2025-04-07 15:45:30.000000,True,597051746,True,True
13,User_13,998277538914,user13@maildomain4.com,2025-02-14 19:45:30.000000,2025-05-03 23:45:30.000000,False,304836958,True,True
14,User_14,998779258708,user14@maildomain3.com,2025-02-05 11:45:30.000000,2025-03-25 14:45:30.000000,True,494887592,True,True
15,User_15,998797038226,user15@maildomain6.com,2025-03-02 22:45:30.000000,2025-04-11 19:45:30.000000,True,725365637,True,True
16,User_16,998202118727,user16@maildomain6.com,2025-03-17 12:45:30.000000,2025-03-06 14:45:30.000000,False,872013236,True,True
17,User_17,998374738370,user17@maildomain5.com,2025-04-11 19:45:30.000000,2025-05-02 23:45:30.000000,True,983086132,True,True
18,User_18,998311380156,user18@maildomain10.com,2025-05-02 19:45:30.000000,2025-03-07 21:45:30.000000,True,133932383,True,True
19,User_19,998542521380,user19@maildomain2.com,2025-04-28 23:45:30.000000,2025-04-03 03:45:30.000000,True,322171048,True,True
20,User_20,998555206321,user20@maildomain7.com,2025-02-15 19:45:30.000000,2025-02-07 01:45:30.000000,True,602584876,True,True
21,User_21,998673898264,user21@maildomain6.com,2025-05-04 06:45:30.000000,2025-03-31 04:45:30.000000,True,213534512,True,True
22,User_22,998621038957,user22@maildomain8.com,2025-02-19 01:45:30.000000,2025-02-20 01:45:30.000000,False,242418763,True,True
23,User_23,998767438218,user23@maildomain7.com,2025-03-05 13:45:30.000000,2025-03-07 08:45:30.000000,False,449337010,True,True
24,User_24,998550896681,user24@maildomain4.com,2025-02-22 09:45:30.000000,2025-03-20 19:45:30.000000,True,273855520,True,True
25,User_25,998543227040,user25@maildomain3.com,2025-02-19 19:45:30.000000,2025-02-11 07:45:30.000000,True,775632256,True,True
26,User_26,998736600362,user26@maildomain9.com,2025-04-10 00:45:30.000000,2025-04-27 17:45:30.000000,True,709621683,True,True
27,User_27,998646469770,user27@maildomain9.com,2025-04-18 06:45:30.000000,2025-03-16 05:45:30.000000,True,187746780,True,True
28,User_28,998511275133,user28@maildomain10.com,2025-03-03 23:45:30.000000,2025-04-05 01:45:30.000000,True,681048987,True,True
29,User_29,998203647224,user29@maildomain9.com,2025-02-28 02:45:30.000000,2025-02-14 16:45:30.000000,True,371802555,True,True
30,User_30,998434575651,user30@maildomain10.com,2025-02-06 16:45:30.000000,2025-03-25 18:45:30.000000,True,788099962,True,True
31,User_31,998978639115,user31@maildomain5.com,2025-04-14 14:45:30.000000,2025-03-07 14:45:30.000000,False,817321073,True,True
32,User_32,998380551687,user32@maildomain2.com,2025-03-31 06:45:30.000000,2025-02-14 03:45:30.000000,False,849670490,True,True
33,User_33,998837642814,user33@maildomain5.com,2025-03-24 04:45:30.000000,2025-05-03 20:45:30.000000,False,515892660,True,True
34,User_34,998617142773,user34@maildomain9.com,2025-04-25 04:45:30.000000,2025-03-18 08:45:30.000000,True,404726579,True,True
35,User_35,998202816059,user35@maildomain4.com,2025-03-09 08:45:30.000000,2025-03-05 07:45:30.000000,False,593513925,True,True
36,User_36,998761372830,user36@maildomain9.com,2025-02-08 14:45:30.000000,2025-03-18 01:45:30.000000,False,410511487,True,True
37,User_37,998499581114,user37@maildomain9.com,2025-03-13 18:45:30.000000,2025-04-26 19:45:30.000000,True,896988389,True,True
38,User_38,998781920612,user38@maildomain10.com,2025-04-19 22:45:30.000000,2025-03-20 19:45:30.000000,False,461756492,True,True
39,User_39,998101658803,user39@maildomain1.com,2025-05-03 02:45:30.000000,2025-03-29 23:45:30.000000,False,7716371,True,True
40,User_40,998164392463,user40@maildomain5.com,2025-03-09 14:45:30.000000,2025-02-14 16:45:30.000000,True,14930306,True,True
41,User_41,998684011597,user41@maildomain7.com,2025-03-26 22:45:30.000000,2025-04-21 03:45:30.000000,False,246018059,True,True
42,User_42,998894377121,user42@maildomain2.com,2025-02-09 15:45:30.000000,2025-03-24 20:45:30.000000,True,699036541,True,True
43,User_43,998673502834,user43@maildomain6.com,2025-03-04 13:45:30.000000,2025-04-19 05:45:30.000000,False,945554896,True,True
44,User_44,998761377567,user44@maildomain7.com,2025-04-18 22:45:30.000000,2025-03-03 12:45:30.000000,False,85953283,True,True
45,User_45,998988151703,user45@maildomain7.com,2025-04-11 21:45:30.000000,2025-03-16 08:45:30.000000,False,689802316,True,True
46,User_46,998177397108,user46@maildomain7.com,2025-03-18 10:45:30.000000,2025-03-30 23:45:30.000000,False,430567952,True,True
47,User_47,998486854695,user47@maildomain2.com,2025-02-13 14:45:30.000000,2025-04-27 22:45:30.000000,False,770362707,True,True
48,User_48,998203375030,user48@maildomain9.com,2025-05-01 17:45:30.000000,2025-04-05 12:45:30.000000,False,469988555,True,True
49,User_49,998328917175,user49@maildomain5.com,2025-03-03 09:45:30.000000,2025-04-17 04:45:30.000000,False,927756541,True,True
50,User_50,998870318365,user50@maildomain7.com,2025-04-04 20:45:30.000000,2025-04-27 02:45:30.000000,True,204341540,True,True
51,User_51,998670937035,user51@maildomain7.com,2025-05-06 01:45:30.000000,2025-04-02 14:45:30.000000,False,344698283,True,True
52,User_52,998616515229,user52@maildomain9.com,2025-03-11 08:45:30.000000,2025-03-07 13:45:30.000000,False,974346570,True,True
53,User_53,998116007585,user53@maildomain4.com,2025-04-11 21:45:30.000000,2025-05-05 11:45:30.000000,True,83940811,True,True
54,User_54,998477193915,user54@maildomain10.com,2025-05-02 21:45:30.000000,2025-03-21 03:45:30.000000,False,88343066,True,True
55,User_55,998610288954,user55@maildomain2.com,2025-04-01 18:45:30.000000,2025-03-30 20:45:30.000000,True,931714018,True,True
56,User_56,998721366763,user56@maildomain4.com,2025-02-28 01:45:30.000000,2025-05-05 07:45:30.000000,False,884916682,True,True
57,User_57,998177990180,user57@maildomain7.com,2025-03-15 04:45:30.000000,2025-03-22 15:45:30.000000,True,699604379,True,True
58,User_58,998371950913,user58@maildomain7.com,2025-04-02 20:45:30.000000,2025-04-27 01:45:30.000000,False,803411430,True,True
59,User_59,998941796884,user59@maildomain3.com,2025-02-24 23:45:30.000000,2025-03-16 14:45:30.000000,True,119207968,True,True
60,User_60,998148743216,user60@maildomain8.com,2025-03-02 16:45:30.000000,2025-03-04 19:45:30.000000,True,84383284,True,True
61,User_61,998343509481,user61@maildomain2.com,2025-02-23 16:45:30.000000,2025-03-01 00:45:30.000000,False,874206963,True,True
62,User_62,998752069064,user62@maildomain7.com,2025-04-03 16:45:30.000000,2025-03-06 07:45:30.000000,True,785184037,True,True
63,User_63,998728594641,user63@maildomain8.com,2025-02-11 23:45:30.000000,2025-03-25 17:45:30.000000,True,578802995,True,True
64,User_64,998299521053,user64@maildomain10.com,2025-02-07 14:45:30.000000,2025-02-20 02:45:30.000000,False,433103335,True,True
65,User_65,998269140018,user65@maildomain9.com,2025-03-24 08:45:30.000000,2025-03-28 13:45:30.000000,True,582229033,True,True
66,User_66,998219872957,user66@maildomain10.com,2025-04-30 01:45:30.000000,2025-04-16 18:45:30.000000,True,177291005,True,True
67,User_67,998339830334,user67@maildomain3.com,2025-04-13 06:45:30.000000,2025-04-21 23:45:30.000000,False,207880354,True,True
68,User_68,998952790635,user68@maildomain10.com,2025-03-19 00:45:30.000000,2025-03-04 07:45:30.000000,False,174489994,True,True
69,User_69,998171849225,user69@maildomain6.com,2025-02-25 14:45:30.000000,2025-04-11 11:45:30.000000,True,163197003,True,True
70,User_70,998373110786,user70@maildomain6.com,2025-03-14 09:45:30.000000,2025-04-04 21:45:30.000000,False,356140016,True,True
71,User_71,998133606456,user71@maildomain6.com,2025-04-29 08:45:30.000000,2025-02-08 14:45:30.000000,True,169961948,True,True
72,User_72,998684674087,user72@maildomain5.com,2025-03-31 22:45:30.000000,2025-03-02 03:45:30.000000,False,572138964,True,True
73,User_73,998375247519,user73@maildomain7.com,2025-04-24 20:45:30.000000,2025-04-02 12:45:30.000000,False,23080798,True,True
74,User_74,998331691294,user74@maildomain5.com,2025-04-22 12:45:30.000000,2025-02-06 12:45:30.000000,False,23618825,True,True
75,User_75,998686006627,user75@maildomain3.com,2025-02-19 06:45:30.000000,2025-04-28 04:45:30.000000,False,582845498,True,True
76,User_76,998720675482,user76@maildomain3.com,2025-02-18 03:45:30.000000,2025-04-05 02:45:30.000000,True,719029199,True,True
77,User_77,998194599461,user77@maildomain4.com,2025-04-03 13:45:30.000000,2025-04-10 09:45:30.000000,False,509352763,True,True
78,User_78,998568358969,user78@maildomain1.com,2025-03-01 07:45:30.000000,2025-04-04 01:45:30.000000,True,979596602,True,True
79,User_79,998517033465,user79@maildomain9.com,2025-05-02 16:45:30.000000,2025-03-22 19:45:30.000000,False,539348071,True,True
80,User_80,998468444768,user80@maildomain2.com,2025-03-24 16:45:30.000000,2025-03-09 20:45:30.000000,False,635927589,True,True
81,User_81,998312065622,user81@maildomain2.com,2025-04-25 05:45:30.000000,2025-04-15 20:45:30.000000,True,963392233,True,True
82,User_82,998980440540,user82@maildomain7.com,2025-03-27 04:45:30.000000,2025-04-20 23:45:30.000000,False,563380600,True,True
83,User_83,998931883501,user83@maildomain10.com,2025-04-19 17:45:30.000000,2025-02-19 17:45:30.000000,True,77897734,True,True
84,User_84,998258922992,user84@maildomain8.com,2025-02-12 13:45:30.000000,2025-02-14 14:45:30.000000,True,964438178,True,True
85,User_85,998479385064,user85@maildomain6.com,2025-03-21 23:45:30.000000,2025-04-12 00:45:30.000000,True,900678368,True,True
86,User_86,998885577258,user86@maildomain8.com,2025-03-17 07:45:30.000000,2025-04-22 08:45:30.000000,True,440974465,True,True
87,User_87,998364393618,user87@maildomain5.com,2025-04-29 05:45:30.000000,2025-02-23 11:45:30.000000,False,562715333,True,True
88,User_88,998916839815,user88@maildomain10.com,2025-04-05 23:45:30.000000,2025-04-24 18:45:30.000000,True,306714010,True,True
89,User_89,998168382704,user89@maildomain5.com,2025-03-28 21:45:30.000000,2025-04-29 13:45:30.000000,False,805985847,True,True
90,User_90,998266960188,user90@maildomain5.com,2025-03-21 12:45:30.000000,2025-02-13 18:45:30.000000,True,528994055,True,True
91,User_91,998156038497,user91@maildomain5.com,2025-03-31 04:45:30.000000,2025-04-29 03:45:30.000000,True,245047368,True,True
92,User_92,998123071212,user92@maildomain8.com,2025-04-06 22:45:30.000000,2025-04-01 19:45:30.000000,True,962343608,True,True
93,User_93,998102328779,user93@maildomain8.com,2025-05-01 02:45:30.000000,2025-03-01 02:45:30.000000,False,826846442,True,True
94,User_94,998606545876,user94@maildomain7.com,2025-03-27 11:45:30.000000,2025-04-15 23:45:30.000000,False,295269431,True,True
95,User_95,998252463896,user95@maildomain2.com,2025-02-06 23:45:30.000000,2025-04-11 05:45:30.000000,False,355486403,True,True
96,User_96,998183933067,user96@maildomain10.com,2025-05-04 17:45:30.000000,2025-03-27 02:45:30.000000,True,1005831,True,True
97,User_97,998812834894,user97@maildomain10.com,2025-02-19 05:45:30.000000,2025-04-17 02:45:30.000000,False,35122622,True,True
98,User_98,998982061970,user98@maildomain9.com,2025-03-11 07:45:30.000000,2025-03-08 00:45:30.000000,False,500967765,True,True
99,User_99,998525518805,user99@maildomain8.com,2025-04-28 21:45:30.000000,2025-04-19 23:45:30.000000,True,571800382,True,True
100,User_100,998136717504,user100@maildomain2.com,2025-03-26 17:45:30.000000,2025-03-22 23:45:30.000000,False,37341191,True,True
101,User_101,998800721956,user101@maildomain3.com,2025-03-07 00:45:30.000000,2025-04-29 17:45:30.000000,True,164993575,True,True
102,User_102,998164161813,user102@maildomain9.com,2025-02-26 17:45:30.000000,2025-05-05 06:45:30.000000,True,636399436,True,True
103,User_103,998733482438,user103@maildomain9.com,2025-03-12 23:45:30.000000,2025-04-25 10:45:30.000000,True,250906586,True,True
104,User_104,998344365793,user104@maildomain1.com,2025-03-12 02:45:30.000000,2025-03-14 04:45:30.000000,False,740261998,True,True
105,User_105,998377333202,user105@maildomain6.com,2025-02-16 14:45:30.000000,2025-02-10 14:45:30.000000,True,69945485,True,True
106,User_106,998123511938,user106@maildomain1.com,2025-02-10 22:45:30.000000,2025-04-16 10:45:30.000000,True,892084940,True,True
107,User_107,998283982323,user107@maildomain9.com,2025-03-20 23:45:30.000000,2025-04-14 11:45:30.000000,True,76962955,True,True
108,User_108,998376631608,user108@maildomain9.com,2025-04-23 17:45:30.000000,2025-03-23 04:45:30.000000,True,951140647,True,True
109,User_109,998537665619,user109@maildomain9.com,2025-04-04 09:45:30.000000,2025-04-04 21:45:30.000000,False,843343793,True,True
110,User_110,998652167345,user110@maildomain9.com,2025-03-06 14:45:30.000000,2025-03-27 15:45:30.000000,False,905510572,True,True
111,User_111,998543788648,user111@maildomain7.com,2025-04-29 05:45:30.000000,2025-02-12 22:45:30.000000,True,420025057,True,True
112,User_112,998446029284,user112@maildomain9.com,2025-02-11 14:45:30.000000,2025-03-07 14:45:30.000000,True,646985160,True,True
113,User_113,998352515644,user113@maildomain5.com,2025-03-10 07:45:30.000000,2025-04-04 00:45:30.000000,False,538016967,True,True
114,User_114,998323548616,user114@maildomain2.com,2025-03-11 09:45:30.000000,2025-04-08 19:45:30.000000,True,948599015,True,True
115,User_115,998852492090,user115@maildomain1.com,2025-02-15 08:45:30.000000,2025-02-08 13:45:30.000000,False,2062011,True,True
116,User_116,998248098020,user116@maildomain3.com,2025-05-03 21:45:30.000000,2025-03-20 13:45:30.000000,False,224797819,True,True
117,User_117,998878062639,user117@maildomain1.com,2025-02-16 21:45:30.000000,2025-02-04 20:45:30.000000,False,170748875,True,True
118,User_118,998569322903,user118@maildomain6.com,2025-03-05 17:45:30.000000,2025-03-20 23:45:30.000000,True,413186166,True,True
119,User_119,998268040255,user119@maildomain5.com,2025-04-01 09:45:30.000000,2025-02-18 08:45:30.000000,True,234066758,True,True
120,User_120,998927982417,user120@maildomain8.com,2025-03-18 16:45:30.000000,2025-04-13 13:45:30.000000,False,993393514,True,True
121,User_121,998442459206,user121@maildomain8.com,2025-02-27 13:45:30.000000,2025-02-05 07:45:30.000000,False,291136256,True,True
122,User_122,998968466436,user122@maildomain9.com,2025-05-01 06:45:30.000000,2025-03-29 08:45:30.000000,True,126160827,True,True
123,User_123,998149949064,user123@maildomain7.com,2025-03-11 20:45:30.000000,2025-03-02 05:45:30.000000,False,785918859,True,True
124,User_124,998599666557,user124@maildomain6.com,2025-04-28 04:45:30.000000,2025-02-18 07:45:30.000000,False,962980146,True,True
125,User_125,998138409873,user125@maildomain1.com,2025-03-11 05:45:30.000000,2025-02-17 23:45:30.000000,False,963335367,True,True
126,User_126,998946527702,user126@maildomain6.com,2025-04-02 15:45:30.000000,2025-04-18 18:45:30.000000,False,120850482,True,True
127,User_127,998542945326,user127@maildomain7.com,2025-03-18 06:45:30.000000,2025-04-16 17:45:30.000000,True,151948658,True,True
128,User_128,998265189659,user128@maildomain9.com,2025-03-28 02:45:30.000000,2025-04-10 02:45:30.000000,False,162121863,True,True
129,User_129,998990082849,user129@maildomain10.com,2025-03-14 05:45:30.000000,2025-05-04 01:45:30.000000,False,490470036,True,True
130,User_130,998935060442,user130@maildomain10.com,2025-03-22 10:45:30.000000,2025-02-12 11:45:30.000000,False,391616829,True,True
131,User_131,998799187967,user131@maildomain4.com,2025-04-10 10:45:30.000000,2025-05-04 08:45:30.000000,False,576356404,True,True
132,User_132,998644095807,user132@maildomain4.com,2025-02-15 11:45:30.000000,2025-04-20 04:45:30.000000,True,9581663,True,True
133,User_133,998891937715,user133@maildomain1.com,2025-03-29 05:45:30.000000,2025-04-18 16:45:30.000000,False,602786797,True,True
134,User_134,998601539585,user134@maildomain5.com,2025-04-13 20:45:30.000000,2025-04-20 14:45:30.000000,True,125696449,True,True
135,User_135,998704960405,user135@maildomain4.com,2025-03-07 19:45:30.000000,2025-04-16 22:45:30.000000,False,158483338,True,True
136,User_136,998564460319,user136@maildomain4.com,2025-05-04 14:45:30.000000,2025-02-25 04:45:30.000000,True,155509324,True,True
137,User_137,998390902680,user137@maildomain7.com,2025-02-24 23:45:30.000000,2025-04-10 18:45:30.000000,False,368658109,True,True
138,User_138,998445384664,user138@maildomain9.com,2025-03-22 01:45:30.000000,2025-02-25 04:45:30.000000,False,648000400,True,True
139,User_139,998856185246,user139@maildomain1.com,2025-03-21 16:45:30.000000,2025-05-02 17:45:30.000000,True,569405501,True,True
140,User_140,998992358738,user140@maildomain7.com,2025-05-05 05:45:30.000000,2025-04-13 22:45:30.000000,False,160538655,True,True
141,User_141,998713105342,user141@maildomain2.com,2025-03-31 21:45:30.000000,2025-05-04 02:45:30.000000,True,24032460,True,True
142,User_142,998781003527,user142@maildomain9.com,2025-03-02 22:45:30.000000,2025-04-02 05:45:30.000000,False,158601982,True,True
143,User_143,998624913117,user143@maildomain6.com,2025-03-29 10:45:30.000000,2025-04-29 18:45:30.000000,True,272333115,True,True
144,User_144,998435108026,user144@maildomain8.com,2025-03-22 10:45:30.000000,2025-04-13 00:45:30.000000,False,845062388,True,True
145,User_145,998639957687,user145@maildomain9.com,2025-02-28 01:45:30.000000,2025-04-17 11:45:30.000000,True,37775633,True,True
146,User_146,998831904809,user146@maildomain10.com,2025-03-31 23:45:30.000000,2025-04-17 10:45:30.000000,True,413907936,True,True
147,User_147,998172149396,user147@maildomain1.com,2025-03-20 18:45:30.000000,2025-03-19 05:45:30.000000,False,583737127,True,True
148,User_148,998308214739,user148@maildomain4.com,2025-03-19 17:45:30.000000,2025-04-17 01:45:30.000000,False,107081345,True,True
149,User_149,998606211190,user149@maildomain4.com,2025-02-07 19:45:30.000000,2025-02-16 10:45:30.000000,True,274028462,True,True
150,User_150,998655250071,user150@maildomain5.com,2025-02-04 17:45:30.000000,2025-03-09 01:45:30.000000,False,851458617,True,True
151,User_151,998420036664,user151@maildomain5.com,2025-03-01 20:45:30.000000,2025-02-06 17:45:30.000000,True,304592589,True,True
152,User_152,998559552570,user152@maildomain7.com,2025-03-14 07:45:30.000000,2025-02-20 11:45:30.000000,True,93953429,True,True
153,User_153,998786699179,user153@maildomain3.com,2025-04-15 20:45:30.000000,2025-04-20 13:45:30.000000,False,392681268,True,True
154,User_154,998982554599,user154@maildomain8.com,2025-03-25 14:45:30.000000,2025-04-22 17:45:30.000000,False,316672066,True,True
155,User_155,998805814088,user155@maildomain3.com,2025-04-27 19:45:30.000000,2025-04-07 23:45:30.000000,False,681834685,True,True
156,User_156,998795359707,user156@maildomain5.com,2025-03-29 02:45:30.000000,2025-03-05 06:45:30.000000,True,598843137,True,True
157,User_157,998400043805,user157@maildomain7.com,2025-03-04 23:45:30.000000,2025-05-02 05:45:30.000000,False,967719732,True,True
158,User_158,998784061034,user158@maildomain5.com,2025-02-05 02:45:30.000000,2025-04-15 06:45:30.000000,False,179314837,True,True
159,User_159,998236835529,user159@maildomain10.com,2025-02-23 07:45:30.000000,2025-02-20 05:45:30.000000,False,710050833,True,True
160,User_160,998283197871,user160@maildomain8.com,2025-05-03 08:45:30.000000,2025-04-21 18:45:30.000000,False,559352275,True,True
161,User_161,998643410164,user161@maildomain9.com,2025-04-25 21:45:30.000000,2025-02-19 18:45:30.000000,False,759446163,True,True
162,User_162,998134875590,user162@maildomain6.com,2025-03-24 21:45:30.000000,2025-02-23 13:45:30.000000,True,459231988,True,True
163,User_163,998610773589,user163@maildomain8.com,2025-03-04 14:45:30.000000,2025-04-18 18:45:30.000000,False,594335184,True,True
164,User_164,998790648904,user164@maildomain4.com,2025-04-23 13:45:30.000000,2025-02-28 16:45:30.000000,False,399721486,True,True
165,User_165,998852794905,user165@maildomain5.com,2025-04-29 04:45:30.000000,2025-05-01 23:45:30.000000,False,306896849,True,True
166,User_166,998905678106,user166@maildomain4.com,2025-02-20 19:45:30.000000,2025-04-24 06:45:30.000000,True,446600331,True,True
167,User_167,998900674227,user167@maildomain7.com,2025-02-15 19:45:30.000000,2025-05-05 21:45:30.000000,True,245858833,True,True
168,User_168,998339104892,user168@maildomain5.com,2025-04-28 17:45:30.000000,2025-02-16 00:45:30.000000,False,682906394,True,True
169,User_169,998164101058,user169@maildomain9.com,2025-03-12 01:45:30.000000,2025-03-26 13:45:30.000000,False,106070676,True,True
170,User_170,998205616575,user170@maildomain3.com,2025-05-03 15:45:30.000000,2025-05-04 15:45:30.000000,False,739405372,True,True
171,User_171,998147830092,user171@maildomain3.com,2025-03-22 14:45:30.000000,2025-04-26 20:45:30.000000,True,776138350,True,True
172,User_172,998978183284,user172@maildomain5.com,2025-02-17 15:45:30.000000,2025-03-29 02:45:30.000000,False,656095668,True,True
173,User_173,998953004688,user173@maildomain6.com,2025-03-28 13:45:30.000000,2025-02-04 16:45:30.000000,True,941461890,True,True
174,User_174,998400880576,user174@maildomain6.com,2025-04-22 15:45:30.000000,2025-04-05 10:45:30.000000,False,514778672,True,True
175,User_175,998814320285,user175@maildomain9.com,2025-04-06 11:45:30.000000,2025-04-21 03:45:30.000000,True,370654705,True,True
176,User_176,998317982538,user176@maildomain6.com,2025-02-13 02:45:30.000000,2025-04-18 21:45:30.000000,False,476184510,True,True
177,User_177,998177821132,user177@maildomain9.com,2025-02-09 01:45:30.000000,2025-04-28 03:45:30.000000,False,882709119,True,True
178,User_178,998279357093,user178@maildomain3.com,2025-03-26 00:45:30.000000,2025-03-25 12:45:30.000000,False,32901475,True,True
179,User_179,998711901255,user179@maildomain5.com,2025-02-26 01:45:30.000000,2025-04-27 08:45:30.000000,True,128804896,True,True
180,User_180,998542835817,user180@maildomain10.com,2025-03-06 21:45:30.000000,2025-03-13 05:45:30.000000,False,608686915,True,True
181,User_181,998801195542,user181@maildomain10.com,2025-04-23 07:45:30.000000,2025-03-20 04:45:30.000000,True,162081384,True,True
182,User_182,998737879990,user182@maildomain4.com,2025-02-16 02:45:30.000000,2025-05-04 08:45:30.000000,False,800822167,True,True
183,User_183,998776521962,user183@maildomain1.com,2025-03-10 15:45:30.000000,2025-02-26 00:45:30.000000,False,54202263,True,True
184,User_184,998231196414,user184@maildomain8.com,2025-02-13 08:45:30.000000,2025-03-13 15:45:30.000000,False,668248350,True,True
185,User_185,998302410986,user185@maildomain9.com,2025-04-11 00:45:30.000000,2025-04-24 17:45:30.000000,True,638401509,True,True
186,User_186,998714382921,user186@maildomain5.com,2025-03-02 12:45:30.000000,2025-03-29 09:45:30.000000,True,21024700,True,True
187,User_187,998679295518,user187@maildomain2.com,2025-02-25 00:45:30.000000,2025-04-02 19:45:30.000000,True,267655094,True,True
188,User_188,998740089333,user188@maildomain1.com,2025-03-14 02:45:30.000000,2025-02-18 22:45:30.000000,True,940961305,True,True
189,User_189,998590872042,user189@maildomain4.com,2025-04-26 12:45:30.000000,2025-03-07 20:45:30.000000,True,810568942,True,True
190,User_190,998796144550,user190@maildomain2.com,2025-02-20 04:45:30.000000,2025-04-30 16:45:30.000000,True,853042513,True,True
191,User_191,998275551444,user191@maildomain4.com,2025-03-04 19:45:30.000000,2025-04-24 09:45:30.000000,False,773246609,True,True
192,User_192,998664532173,user192@maildomain10.com,2025-03-20 18:45:30.000000,2025-04-02 09:45:30.000000,False,455363024,True,True
193,User_193,998872055758,user193@maildomain8.com,2025-04-02 04:45:30.000000,2025-02-17 06:45:30.000000,False,345704720,True,True
194,User_194,998126879837,user194@maildomain10.com,2025-03-29 10:45:30.000000,2025-03-30 00:45:30.000000,False,665272245,True,True
195,User_195,998561545997,user195@maildomain8.com,2025-04-28 17:45:30.000000,2025-04-30 09:45:30.000000,False,586751199,True,True
196,User_196,998597628650,user196@maildomain9.com,2025-02-12 12:45:30.000000,2025-03-28 08:45:30.000000,True,589190291,True,True
197,User_197,998359512064,user197@maildomain1.com,2025-03-30 13:45:30.000000,2025-02-19 15:45:30.000000,True,520259549,True,True
198,User_198,998800650348,user198@maildomain8.com,2025-05-02 19:45:30.000000,2025-02-05 08:45:30.000000,True,927561611,True,True
199,User_199,998319417187,user199@maildomain4.com,2025-04-05 09:45:30.000000,2025-02-11 14:45:30.000000,False,407125383,True,True
200,User_200,998614473224,user200@maildomain1.com,2025-04-14 15:45:30.000000,2025-02-13 13:45:30.000000,False,458162747,True,True
201,User_201,998749548568,user201@maildomain10.com,2025-02-26 04:45:30.000000,2025-04-03 17:45:30.000000,True,461981416,True,True
202,User_202,998920447253,user202@maildomain5.com,2025-03-02 21:45:30.000000,2025-04-15 13:45:30.000000,True,641358266,True,True
203,User_203,998868735174,user203@maildomain9.com,2025-03-07 12:45:30.000000,2025-03-09 23:45:30.000000,False,699409435,True,True
204,User_204,998376610150,user204@maildomain1.com,2025-02-11 14:45:30.000000,2025-04-04 06:45:30.000000,True,198306702,True,True
205,User_205,998827987910,user205@maildomain2.com,2025-02-10 12:45:30.000000,2025-03-04 18:45:30.000000,True,987767115,True,True
206,User_206,998443841520,user206@maildomain3.com,2025-02-15 04:45:30.000000,2025-02-21 12:45:30.000000,True,536581209,True,True
207,User_207,998500290659,user207@maildomain8.com,2025-03-04 08:45:30.000000,2025-04-07 17:45:30.000000,True,759260198,True,True
208,User_208,998524570284,user208@maildomain3.com,2025-04-02 11:45:30.000000,2025-02-24 21:45:30.000000,True,781905506,True,True
209,User_209,998748806965,user209@maildomain10.com,2025-03-05 21:45:30.000000,2025-04-19 23:45:30.000000,True,687235558,True,True
210,User_210,998560099167,user210@maildomain7.com,2025-02-26 20:45:30.000000,2025-05-05 14:45:30.000000,False,176500224,True,True
211,User_211,998429198094,user211@maildomain5.com,2025-03-06 16:45:30.000000,2025-03-24 04:45:30.000000,False,988081765,True,True
212,User_212,998917420346,user212@maildomain8.com,2025-05-03 11:45:30.000000,2025-04-06 19:45:30.000000,True,169139332,True,True
213,User_213,998845731126,user213@maildomain1.com,2025-02-09 09:45:30.000000,2025-02-09 07:45:30.000000,True,199171031,True,True
214,User_214,998580886171,user214@maildomain10.com,2025-05-05 23:45:30.000000,2025-03-03 03:45:30.000000,False,951463259,True,True
215,User_215,998841065709,user215@maildomain4.com,2025-03-20 03:45:30.000000,2025-02-15 01:45:30.000000,True,369829704,True,True
216,User_216,998321951668,user216@maildomain3.com,2025-02-25 04:45:30.000000,2025-02-07 09:45:30.000000,True,143789467,True,True
217,User_217,998955365019,user217@maildomain10.com,2025-02-15 15:45:30.000000,2025-03-06 06:45:30.000000,True,846355983,True,True
218,User_218,998541949600,user218@maildomain9.com,2025-04-03 15:45:30.000000,2025-04-21 23:45:30.000000,False,999260874,True,True
219,User_219,998419464537,user219@maildomain6.com,2025-03-05 13:45:30.000000,2025-04-17 09:45:30.000000,False,266205842,True,True
220,User_220,998821123122,user220@maildomain7.com,2025-04-09 05:45:30.000000,2025-04-20 05:45:30.000000,True,39723454,True,True
221,User_221,998891243466,user221@maildomain1.com,2025-03-23 16:45:30.000000,2025-02-22 01:45:30.000000,True,987079364,True,True
222,User_222,998840185111,user222@maildomain7.com,2025-04-11 05:45:30.000000,2025-04-23 08:45:30.000000,True,702437993,True,True
223,User_223,998317659602,user223@maildomain7.com,2025-03-29 18:45:30.000000,2025-02-15 13:45:30.000000,False,281164047,True,True
224,User_224,998477057987,user224@maildomain1.com,2025-02-26 13:45:30.000000,2025-04-04 00:45:30.000000,False,1833801,True,True
225,User_225,998584115321,user225@maildomain7.com,2025-02-18 20:45:30.000000,2025-02-20 23:45:30.000000,True,721323209,True,True
226,User_226,998631312855,user226@maildomain4.com,2025-02-11 18:45:30.000000,2025-05-02 01:45:30.000000,False,780169960,True,True
227,User_227,998756502977,user227@maildomain8.com,2025-04-27 17:45:30.000000,2025-03-23 22:45:30.000000,False,298345511,True,True
228,User_228,998495295815,user228@maildomain1.com,2025-02-28 02:45:30.000000,2025-02-10 23:45:30.000000,True,672263758,True,True
229,User_229,998870671919,user229@maildomain1.com,2025-02-11 16:45:30.000000,2025-02-28 06:45:30.000000,False,728742089,True,True
230,User_230,998388804410,user230@maildomain2.com,2025-03-25 09:45:30.000000,2025-04-22 15:45:30.000000,False,887183281,True,True
231,User_231,998375252513,user231@maildomain6.com,2025-02-16 20:45:30.000000,2025-03-02 15:45:30.000000,False,860912464,True,True
232,User_232,998380873046,user232@maildomain8.com,2025-04-14 20:45:30.000000,2025-04-26 03:45:30.000000,False,975124418,True,True
233,User_233,998431665350,user233@maildomain6.com,2025-04-16 07:45:30.000000,2025-02-18 21:45:30.000000,True,791114799,True,True
234,User_234,998683086829,user234@maildomain5.com,2025-03-09 08:45:30.000000,2025-03-10 05:45:30.000000,False,809178866,True,True
235,User_235,998978258419,user235@maildomain10.com,2025-02-26 02:45:30.000000,2025-03-26 07:45:30.000000,True,70619053,True,True
236,User_236,998382361523,user236@maildomain8.com,2025-02-22 14:45:30.000000,2025-02-24 19:45:30.000000,True,966142443,True,True
237,User_237,998636838624,user237@maildomain1.com,2025-03-08 10:45:30.000000,2025-04-26 09:45:30.000000,True,436419325,True,True
238,User_238,998891751820,user238@maildomain8.com,2025-04-17 01:45:30.000000,2025-05-04 22:45:30.000000,True,380661837,True,True
239,User_239,998583475270,user239@maildomain7.com,2025-04-06 08:45:30.000000,2025-04-25 17:45:30.000000,False,917117101,True,True
240,User_240,998245909174,user240@maildomain4.com,2025-02-11 12:45:30.000000,2025-03-30 06:45:30.000000,False,775820039,True,True
241,User_241,998967432202,user241@maildomain5.com,2025-04-02 04:45:30.000000,2025-04-06 01:45:30.000000,True,743254364,True,True
242,User_242,998135579883,user242@maildomain7.com,2025-03-18 05:45:30.000000,2025-03-06 21:45:30.000000,True,633171755,True,True
243,User_243,998924074344,user243@maildomain8.com,2025-03-05 12:45:30.000000,2025-03-04 08:45:30.000000,True,60126761,True,True
244,User_244,998982745921,user244@maildomain3.com,2025-02-23 22:45:30.000000,2025-04-24 14:45:30.000000,True,176656390,True,True
245,User_245,998927752547,user245@maildomain2.com,2025-02-13 18:45:30.000000,2025-05-05 00:45:30.000000,True,202003603,True,True
246,User_246,998106855353,user246@maildomain3.com,2025-02-12 02:45:30.000000,2025-03-19 08:45:30.000000,False,299873699,True,True
247,User_247,998570030834,user247@maildomain8.com,2025-04-26 12:45:30.000000,2025-04-20 20:45:30.000000,False,123605322,True,True
248,User_248,998693609757,user248@maildomain1.com,2025-02-22 16:45:30.000000,2025-03-05 05:45:30.000000,False,922695641,True,True
249,User_249,998761026471,user249@maildomain6.com,2025-04-18 10:45:30.000000,2025-04-03 13:45:30.000000,True,957405663,True,True
250,User_250,998647647765,user250@maildomain6.com,2025-04-04 02:45:30.000000,2025-03-09 03:45:30.000000,True,977685812,True,True
251,User_251,998529419218,user251@maildomain6.com,2025-03-03 05:45:30.000000,2025-03-28 16:45:30.000000,True,43128900,True,True
252,User_252,998246587172,user252@maildomain1.com,2025-04-27 16:45:30.000000,2025-04-26 06:45:30.000000,False,885506030,True,True
253,User_253,998387643674,user253@maildomain6.com,2025-02-23 15:45:30.000000,2025-04-11 14:45:30.000000,True,502823710,True,True
254,User_254,998913153289,user254@maildomain3.com,2025-04-02 23:45:30.000000,2025-02-24 03:45:30.000000,False,685793383,True,True
255,User_255,998618268398,user255@maildomain1.com,2025-03-14 03:45:30.000000,2025-03-01 12:45:30.000000,True,343166291,True,True
256,User_256,998740631339,user256@maildomain9.com,2025-03-04 23:45:30.000000,2025-03-31 06:45:30.000000,True,447777759,True,True
257,User_257,998242734340,user257@maildomain6.com,2025-03-28 05:45:30.000000,2025-03-15 07:45:30.000000,False,196111608,True,True
258,User_258,998772562221,user258@maildomain9.com,2025-04-17 22:45:30.000000,2025-04-14 11:45:30.000000,True,589990430,True,True
259,User_259,998720479317,user259@maildomain6.com,2025-02-16 00:45:30.000000,2025-04-06 04:45:30.000000,False,103760201,True,True
260,User_260,998129373941,user260@maildomain10.com,2025-02-26 21:45:30.000000,2025-05-05 01:45:30.000000,True,752285332,True,True
261,User_261,998352639673,user261@maildomain7.com,2025-04-09 05:45:30.000000,2025-02-17 11:45:30.000000,False,196017360,True,True
262,User_262,998687885577,user262@maildomain4.com,2025-03-27 16:45:30.000000,2025-04-19 11:45:30.000000,True,691241385,True,True
263,User_263,998964400788,user263@maildomain10.com,2025-04-15 01:45:30.000000,2025-03-22 09:45:30.000000,True,992099636,True,True
264,User_264,998536728270,user264@maildomain9.com,2025-02-06 12:45:30.000000,2025-03-05 18:45:30.000000,True,482146669,True,True
265,User_265,998773621589,user265@maildomain1.com,2025-05-06 08:45:30.000000,2025-04-25 13:45:30.000000,True,402677281,True,True
266,User_266,998468850609,user266@maildomain9.com,2025-04-13 17:45:30.000000,2025-03-28 16:45:30.000000,True,817626496,True,True
267,User_267,998865297756,user267@maildomain10.com,2025-05-03 09:45:30.000000,2025-02-16 08:45:30.000000,False,443601338,True,True
268,User_268,998428421721,user268@maildomain5.com,2025-02-21 20:45:30.000000,2025-04-24 15:45:30.000000,True,921673189,True,True
269,User_269,998111103142,user269@maildomain6.com,2025-03-17 16:45:30.000000,2025-05-05 06:45:30.000000,False,981870132,True,True
270,User_270,998876624220,user270@maildomain8.com,2025-02-06 19:45:30.000000,2025-04-24 20:45:30.000000,True,63978347,True,True
271,User_271,998255843832,user271@maildomain7.com,2025-04-12 13:45:30.000000,2025-04-09 10:45:30.000000,True,753061255,True,True
272,User_272,998464771477,user272@maildomain6.com,2025-02-23 19:45:30.000000,2025-02-05 19:45:30.000000,False,211964022,True,True
273,User_273,998773189083,user273@maildomain5.com,2025-03-08 05:45:30.000000,2025-03-30 14:45:30.000000,True,452856644,True,True
274,User_274,998519945174,user274@maildomain4.com,2025-04-18 07:45:30.000000,2025-04-21 07:45:30.000000,True,547349645,True,True
275,User_275,998408221845,user275@maildomain2.com,2025-04-29 04:45:30.000000,2025-04-22 12:45:30.000000,False,857729705,True,True
276,User_276,998302547157,user276@maildomain10.com,2025-04-29 01:45:30.000000,2025-03-18 19:45:30.000000,False,530333334,True,True
277,User_277,998418979157,user277@maildomain5.com,2025-03-10 14:45:30.000000,2025-04-01 06:45:30.000000,True,626704312,True,True
278,User_278,998888287291,user278@maildomain8.com,2025-04-24 23:45:30.000000,2025-02-16 20:45:30.000000,False,108430476,True,True
279,User_279,998681658053,user279@maildomain8.com,2025-04-03 19:45:30.000000,2025-02-08 22:45:30.000000,False,21048468,True,True
280,User_280,998601738608,user280@maildomain1.com,2025-02-18 06:45:30.000000,2025-05-04 13:45:30.000000,True,51931115,True,True
281,User_281,998723767751,user281@maildomain3.com,2025-02-24 18:45:30.000000,2025-03-21 13:45:30.000000,False,502432052,True,True
282,User_282,998506030545,user282@maildomain2.com,2025-04-23 19:45:30.000000,2025-02-11 22:45:30.000000,True,746237063,True,True
283,User_283,998560859203,user283@maildomain7.com,2025-02-24 21:45:30.000000,2025-04-22 18:45:30.000000,True,912043068,True,True
284,User_284,998864197087,user284@maildomain10.com,2025-04-10 11:45:30.000000,2025-02-22 05:45:30.000000,True,908493147,True,True
285,User_285,998968802806,user285@maildomain9.com,2025-03-25 01:45:30.000000,2025-02-08 18:45:30.000000,True,690023729,True,True
286,User_286,998497307388,user286@maildomain7.com,2025-04-26 00:45:30.000000,2025-02-05 09:45:30.000000,False,877620943,True,True
287,User_287,998991063502,user287@maildomain3.com,2025-04-26 12:45:30.000000,2025-04-05 08:45:30.000000,False,749012528,True,True
288,User_288,998918396120,user288@maildomain3.com,2025-04-22 03:45:30.000000,2025-02-13 03:45:30.000000,False,920259487,True,True
289,User_289,998213699851,user289@maildomain5.com,2025-02-19 17:45:30.000000,2025-04-29 00:45:30.000000,True,334171170,True,True
290,User_290,998192618902,user290@maildomain5.com,2025-02-14 03:45:30.000000,2025-02-13 16:45:30.000000,False,615350470,True,True
291,User_291,998833807550,user291@maildomain1.com,2025-02-09 17:45:30.000000,2025-05-01 11:45:30.000000,False,528101769,True,True
292,User_292,998612246052,user292@maildomain1.com,2025-04-06 09:45:30.000000,2025-02-14 09:45:30.000000,True,256038939,True,True
293,User_293,998819041550,user293@maildomain8.com,2025-02-16 07:45:30.000000,2025-02-24 15:45:30.000000,False,728950088,True,True
294,User_294,998945716299,user294@maildomain9.com,2025-04-02 23:45:30.000000,2025-02-12 20:45:30.000000,False,54161075,True,True
295,User_295,998610428048,user295@maildomain9.com,2025-02-24 15:45:30.000000,2025-05-01 04:45:30.000000,True,419734429,True,True
296,User_296,998436806327,user296@maildomain5.com,2025-04-09 00:45:30.000000,2025-03-01 01:45:30.000000,False,299587819,True,True
297,User_297,998175433888,user297@maildomain1.com,2025-04-07 14:45:30.000000,2025-02-26 13:45:30.000000,False,586788296,True,True
298,User_298,998672983692,user298@maildomain8.com,2025-04-04 00:45:30.000000,2025-03-03 20:45:30.000000,False,505003850,True,True
299,User_299,998615525209,user299@maildomain2.com,2025-04-29 18:45:30.000000,2025-03-18 08:45:30.000000,True,349065952,True,True
300,User_300,998297465743,user300@maildomain1.com,2025-04-23 16:45:30.000000,2025-05-02 19:45:30.000000,True,546469593,True,True
301,User_301,998177021769,user301@maildomain5.com,2025-02-15 21:45:30.000000,2025-03-25 03:45:30.000000,True,753668213,True,True
302,User_302,998143730469,user302@maildomain1.com,2025-04-07 22:45:30.000000,2025-03-21 15:45:30.000000,True,123620881,True,True
303,User_303,998477558709,user303@maildomain3.com,2025-04-13 21:45:30.000000,2025-04-30 21:45:30.000000,True,609602098,True,True
304,User_304,998264819660,user304@maildomain4.com,2025-02-11 20:45:30.000000,2025-04-11 10:45:30.000000,True,854207669,True,True
305,User_305,998810007577,user305@maildomain4.com,2025-03-08 03:45:30.000000,2025-04-01 06:45:30.000000,True,347065373,True,True
306,User_306,998700542877,user306@maildomain4.com,2025-04-08 19:45:30.000000,2025-03-25 04:45:30.000000,False,599615361,True,True
307,User_307,998915958977,user307@maildomain10.com,2025-03-23 02:45:30.000000,2025-04-02 10:45:30.000000,False,233453824,True,True
308,User_308,998970436505,user308@maildomain4.com,2025-03-01 03:45:30.000000,2025-03-12 04:45:30.000000,True,374126130,True,True
309,User_309,998571286477,user309@maildomain7.com,2025-03-31 20:45:30.000000,2025-04-12 22:45:30.000000,False,515533304,True,True
310,User_310,998108226334,user310@maildomain9.com,2025-04-18 00:45:30.000000,2025-04-17 21:45:30.000000,True,256896834,True,True
311,User_311,998372898473,user311@maildomain9.com,2025-04-08 04:45:30.000000,2025-04-28 14:45:30.000000,True,697725505,True,True
312,User_312,998507797425,user312@maildomain6.com,2025-03-14 06:45:30.000000,2025-02-19 15:45:30.000000,True,551204035,True,True
313,User_313,998463477080,user313@maildomain1.com,2025-03-27 16:45:30.000000,2025-04-08 17:45:30.000000,True,856269386,True,True
314,User_314,998418918946,user314@maildomain8.com,2025-04-23 08:45:30.000000,2025-02-10 17:45:30.000000,False,176818309,True,True
315,User_315,998827647033,user315@maildomain3.com,2025-04-20 16:45:30.000000,2025-03-20 16:45:30.000000,True,933674167,True,True
316,User_316,998209111515,user316@maildomain9.com,2025-03-05 05:45:30.000000,2025-04-18 12:45:30.000000,True,245857432,True,True
317,User_317,998185801070,user317@maildomain6.com,2025-03-30 12:45:30.000000,2025-02-27 05:45:30.000000,True,753445163,True,True
318,User_318,998970483864,user318@maildomain4.com,2025-02-21 17:45:30.000000,2025-03-06 01:45:30.000000,True,745898051,True,True
319,User_319,998662600169,user319@maildomain10.com,2025-03-05 20:45:30.000000,2025-02-21 09:45:30.000000,True,106839635,True,True
320,User_320,998513696845,user320@maildomain7.com,2025-04-03 17:45:30.000000,2025-02-14 21:45:30.000000,False,799689858,True,True
321,User_321,998558325020,user321@maildomain1.com,2025-05-01 07:45:30.000000,2025-03-25 10:45:30.000000,True,855867805,True,True
322,User_322,998777928228,user322@maildomain8.com,2025-03-04 02:45:30.000000,2025-03-29 13:45:30.000000,True,81840442,True,True
323,User_323,998735388717,user323@maildomain9.com,2025-02-08 17:45:30.000000,2025-02-18 04:45:30.000000,False,307192362,True,True
324,User_324,998659383562,user324@maildomain9.com,2025-04-19 23:45:30.000000,2025-02-20 14:45:30.000000,False,361617688,True,True
325,User_325,998686558698,user325@maildomain8.com,2025-04-02 22:45:30.000000,2025-03-11 02:45:30.000000,False,451525325,True,True
326,User_326,998239849259,user326@maildomain5.com,2025-03-11 14:45:30.000000,2025-03-04 18:45:30.000000,True,83253412,True,True
327,User_327,998234166015,user327@maildomain7.com,2025-03-14 02:45:30.000000,2025-03-03 07:45:30.000000,True,186480374,True,True
328,User_328,998437574807,user328@maildomain1.com,2025-03-04 20:45:30.000000,2025-02-18 13:45:30.000000,True,556181636,True,True
329,User_329,998931577480,user329@maildomain7.com,2025-03-21 03:45:30.000000,2025-03-20 10:45:30.000000,True,52580835,True,True
330,User_330,998422518302,user330@maildomain5.com,2025-03-21 07:45:30.000000,2025-05-05 17:45:30.000000,False,84922440,True,True
331,User_331,998560586068,user331@maildomain7.com,2025-03-10 12:45:30.000000,2025-04-05 23:45:30.000000,False,782792498,True,True
332,User_332,998520261140,user332@maildomain4.com,2025-03-08 06:45:30.000000,2025-04-20 04:45:30.000000,False,504446000,True,True
333,User_333,998897030742,user333@maildomain10.com,2025-04-12 10:45:30.000000,2025-03-28 18:45:30.000000,False,955663862,True,True
334,User_334,998806201482,user334@maildomain10.com,2025-03-30 05:45:30.000000,2025-04-06 16:45:30.000000,True,484541410,True,True
335,User_335,998371357096,user335@maildomain2.com,2025-04-24 02:45:30.000000,2025-03-16 05:45:30.000000,False,937323382,True,True
336,User_336,998698805379,user336@maildomain8.com,2025-02-05 19:45:30.000000,2025-04-18 22:45:30.000000,True,938567418,True,True
337,User_337,998755869871,user337@maildomain6.com,2025-04-15 19:45:30.000000,2025-02-05 16:45:30.000000,False,894663422,True,True
338,User_338,998455265179,user338@maildomain6.com,2025-04-11 16:45:30.000000,2025-03-26 15:45:30.000000,True,641565318,True,True
339,User_339,998535485993,user339@maildomain7.com,2025-02-15 20:45:30.000000,2025-03-05 04:45:30.000000,False,69355471,True,True
340,User_340,998749251004,user340@maildomain6.com,2025-05-01 11:45:30.000000,2025-03-17 10:45:30.000000,True,914202206,True,True
341,User_341,998669885537,user341@maildomain5.com,2025-04-29 18:45:30.000000,2025-03-03 11:45:30.000000,False,424487456,True,True
342,User_342,998744977476,user342@maildomain4.com,2025-02-25 00:45:30.000000,2025-04-07 19:45:30.000000,True,290893592,True,True
343,User_343,998510253506,user343@maildomain6.com,2025-02-28 22:45:30.000000,2025-05-06 02:45:30.000000,True,623410917,True,True
344,User_344,998906627158,user344@maildomain7.com,2025-03-23 15:45:30.000000,2025-02-16 03:45:30.000000,False,113448465,True,True
345,User_345,998554254884,user345@maildomain6.com,2025-03-16 22:45:30.000000,2025-02-07 01:45:30.000000,False,153975116,True,True
346,User_346,998360302558,user346@maildomain2.com,2025-03-28 01:45:30.000000,2025-03-12 02:45:30.000000,True,411540729,True,True
347,User_347,998918391371,user347@maildomain3.com,2025-04-01 11:45:30.000000,2025-03-22 17:45:30.000000,True,12112701,True,True
348,User_348,998247945077,user348@maildomain6.com,2025-03-23 02:45:30.000000,2025-02-13 15:45:30.000000,False,645263536,True,True
349,User_349,998967204753,user349@maildomain4.com,2025-02-27 13:45:30.000000,2025-02-20 20:45:30.000000,True,849567384,True,True
350,User_350,998334683641,user350@maildomain6.com,2025-03-30 15:45:30.000000,2025-05-03 18:45:30.000000,True,370264044,True,True
351,User_351,998415935626,user351@maildomain9.com,2025-04-09 21:45:30.000000,2025-04-15 15:45:30.000000,False,687364847,True,True
352,User_352,998819685184,user352@maildomain2.com,2025-04-16 08:45:30.000000,2025-02-22 21:45:30.000000,True,261331466,True,True
353,User_353,998729911725,user353@maildomain4.com,2025-03-11 04:45:30.000000,2025-03-03 07:45:30.000000,True,329219512,True,True
354,User_354,998412601419,user354@maildomain7.com,2025-02-07 17:45:30.000000,2025-03-01 20:45:30.000000,False,558630338,True,True
355,User_355,998174806164,user355@maildomain7.com,2025-02-23 22:45:30.000000,2025-03-03 00:45:30.000000,True,866823430,True,True
356,User_356,998755251672,user356@maildomain10.com,2025-03-10 01:45:30.000000,2025-03-11 11:45:30.000000,False,606142793,True,True
357,User_357,998854424499,user357@maildomain6.com,2025-02-24 21:45:30.000000,2025-04-19 09:45:30.000000,False,750611218,True,True
358,User_358,998741164770,user358@maildomain9.com,2025-03-20 23:45:30.000000,2025-04-16 14:45:30.000000,False,622145451,True,True
359,User_359,998389948428,user359@maildomain3.com,2025-05-01 22:45:30.000000,2025-03-02 18:45:30.000000,False,566214099,True,True
360,User_360,998177610439,user360@maildomain6.com,2025-03-07 11:45:30.000000,2025-02-16 16:45:30.000000,True,478658405,True,True
361,User_361,998812750553,user361@maildomain1.com,2025-02-18 08:45:30.000000,2025-04-18 19:45:30.000000,True,966697665,True,True
362,User_362,998918017934,user362@maildomain8.com,2025-04-16 14:45:30.000000,2025-03-03 21:45:30.000000,True,277577,True,True
363,User_363,998102452946,user363@maildomain5.com,2025-03-23 17:45:30.000000,2025-05-05 23:45:30.000000,True,629118469,True,True
364,User_364,998335804198,user364@maildomain7.com,2025-02-06 02:45:30.000000,2025-02-13 03:45:30.000000,True,198819506,True,True
365,User_365,998879869698,user365@maildomain1.com,2025-02-09 16:45:30.000000,2025-03-18 12:45:30.000000,True,132241454,True,True
366,User_366,998904340912,user366@maildomain3.com,2025-04-26 09:45:30.000000,2025-02-25 20:45:30.000000,True,298726392,True,True
367,User_367,998157870259,user367@maildomain2.com,2025-04-29 05:45:30.000000,2025-03-25 19:45:30.000000,False,690546225,True,True
368,User_368,998330312057,user368@maildomain10.com,2025-03-20 14:45:30.000000,2025-05-03 04:45:30.000000,True,806539405,True,True
369,User_369,998591588018,user369@maildomain4.com,2025-04-04 21:45:30.000000,2025-03-17 19:45:30.000000,True,336098986,True,True
370,User_370,998827488566,user370@maildomain4.com,2025-04-08 09:45:30.000000,2025-04-01 09:45:30.000000,True,423862652,True,True
371,User_371,998120482385,user371@maildomain5.com,2025-04-24 14:45:30.000000,2025-03-26 08:45:30.000000,False,208226960,True,True
372,User_372,998294505528,user372@maildomain8.com,2025-02-19 17:45:30.000000,2025-02-24 03:45:30.000000,False,340111484,True,True
373,User_373,998499304756,user373@maildomain4.com,2025-02-09 15:45:30.000000,2025-04-15 17:45:30.000000,False,935046596,True,True
374,User_374,998759902164,user374@maildomain9.com,2025-04-16 07:45:30.000000,2025-05-02 05:45:30.000000,True,801260086,True,True
375,User_375,998491066410,user375@maildomain4.com,2025-03-15 01:45:30.000000,2025-04-29 09:45:30.000000,False,52600156,True,True
376,User_376,998882350520,user376@maildomain6.com,2025-02-07 18:45:30.000000,2025-02-17 07:45:30.000000,True,477186230,True,True
377,User_377,998340796101,user377@maildomain5.com,2025-03-01 10:45:30.000000,2025-04-21 04:45:30.000000,False,722410389,True,True
378,User_378,998404870511,user378@maildomain3.com,2025-03-14 14:45:30.000000,2025-04-02 22:45:30.000000,True,365476298,True,True
379,User_379,998302915828,user379@maildomain3.com,2025-02-06 19:45:30.000000,2025-02-26 18:45:30.000000,False,815966418,True,True
380,User_380,998521083511,user380@maildomain7.com,2025-02-05 10:45:30.000000,2025-05-03 22:45:30.000000,False,516393935,True,True
381,User_381,998831104671,user381@maildomain3.com,2025-02-13 11:45:30.000000,2025-04-26 15:45:30.000000,False,306860742,True,True
382,User_382,998838485404,user382@maildomain8.com,2025-02-26 05:45:30.000000,2025-04-26 08:45:30.000000,False,165667990,True,True
383,User_383,998901860600,user383@maildomain10.com,2025-02-24 21:45:30.000000,2025-04-27 14:45:30.000000,True,755032686,True,True
384,User_384,998343187927,user384@maildomain3.com,2025-04-12 22:45:30.000000,2025-03-08 21:45:30.000000,True,972438070,True,True
385,User_385,998789639347,user385@maildomain1.com,2025-03-05 12:45:30.000000,2025-03-24 09:45:30.000000,True,722286207,True,True
386,User_386,998907591440,user386@maildomain9.com,2025-04-01 01:45:30.000000,2025-02-15 22:45:30.000000,True,903905240,True,True
387,User_387,998408270921,user387@maildomain7.com,2025-04-23 22:45:30.000000,2025-02-21 16:45:30.000000,False,353120308,True,True
388,User_388,998232806339,user388@maildomain5.com,2025-05-03 06:45:30.000000,2025-03-14 11:45:30.000000,False,389557089,True,True
389,User_389,998140021385,user389@maildomain2.com,2025-04-22 10:45:30.000000,2025-04-22 13:45:30.000000,False,402982295,True,True
390,User_390,998360675070,user390@maildomain8.com,2025-05-05 06:45:30.000000,2025-02-17 15:45:30.000000,False,680284706,True,True
391,User_391,998502599599,user391@maildomain9.com,2025-02-17 08:45:30.000000,2025-04-12 03:45:30.000000,True,402902669,True,True
392,User_392,998442922931,user392@maildomain6.com,2025-03-10 07:45:30.000000,2025-02-25 07:45:30.000000,True,374452196,True,True
393,User_393,998604416047,user393@maildomain9.com,2025-03-23 23:45:30.000000,2025-02-18 09:45:30.000000,False,305166254,True,True
394,User_394,998683047707,user394@maildomain10.com,2025-03-27 17:45:30.000000,2025-02-23 17:45:30.000000,True,579435204,True,True
395,User_395,998658179002,user395@maildomain4.com,2025-02-25 22:45:30.000000,2025-03-09 18:45:30.000000,False,662238916,True,True
396,User_396,998328392112,user396@maildomain5.com,2025-03-04 21:45:30.000000,2025-05-03 02:45:30.000000,True,129747085,True,True
397,User_397,998112154331,user397@maildomain10.com,2025-02-08 07:45:30.000000,2025-05-04 17:45:30.000000,True,180606376,True,True
398,User_398,998800241840,user398@maildomain8.com,2025-04-20 05:45:30.000000,2025-03-25 21:45:30.000000,True,35062734,True,True
399,User_399,998733633148,user399@maildomain7.com,2025-03-23 12:45:30.000000,2025-04-03 02:45:30.000000,True,120412205,True,True
400,User_400,998794750346,user400@maildomain3.com,2025-04-04 17:45:30.000000,2025-03-25 01:45:30.000000,False,999545219,True,True
401,User_401,998194483116,user401@maildomain4.com,2025-05-02 06:45:30.000000,2025-03-29 18:45:30.000000,True,914950340,True,True
402,User_402,998714653325,user402@maildomain9.com,2025-03-03 21:45:30.000000,2025-02-18 12:45:30.000000,True,336627308,True,True
403,User_403,998927013847,user403@maildomain7.com,2025-04-10 21:45:30.000000,2025-04-23 14:45:30.000000,False,633647746,True,True
404,User_404,998618174299,user404@maildomain4.com,2025-05-04 03:45:30.000000,2025-02-14 04:45:30.000000,False,818376884,True,True
405,User_405,998964768862,user405@maildomain1.com,2025-03-27 15:45:30.000000,2025-03-10 16:45:30.000000,True,94755006,True,True
406,User_406,998649615387,user406@maildomain3.com,2025-03-22 17:45:30.000000,2025-04-11 02:45:30.000000,False,102666788,True,True
407,User_407,998543025384,user407@maildomain2.com,2025-03-15 05:45:30.000000,2025-03-14 15:45:30.000000,False,640464154,True,True
408,User_408,998744303746,user408@maildomain5.com,2025-04-15 18:45:30.000000,2025-04-17 11:45:30.000000,True,256624624,True,True
409,User_409,998848427313,user409@maildomain5.com,2025-03-16 12:45:30.000000,2025-02-08 23:45:30.000000,True,301768005,True,True
410,User_410,998714601333,user410@maildomain3.com,2025-04-02 09:45:30.000000,2025-04-14 13:45:30.000000,True,779162920,True,True
411,User_411,998838338293,user411@maildomain6.com,2025-02-12 23:45:30.000000,2025-03-06 03:45:30.000000,False,447568210,True,True
412,User_412,998889553590,user412@maildomain9.com,2025-04-26 15:45:30.000000,2025-04-02 11:45:30.000000,False,750981536,True,True
413,User_413,998954671484,user413@maildomain7.com,2025-03-22 21:45:30.000000,2025-02-20 20:45:30.000000,True,969928498,True,True
414,User_414,998158624251,user414@maildomain8.com,2025-02-21 11:45:30.000000,2025-03-27 17:45:30.000000,True,796413533,True,True
415,User_415,998268003527,user415@maildomain3.com,2025-03-12 01:45:30.000000,2025-03-26 22:45:30.000000,True,622468533,True,True
416,User_416,998859406667,user416@maildomain7.com,2025-03-18 01:45:30.000000,2025-04-02 08:45:30.000000,False,930111445,True,True
417,User_417,998639870919,user417@maildomain7.com,2025-03-02 18:45:30.000000,2025-02-22 12:45:30.000000,True,105173210,True,True
418,User_418,998814902435,user418@maildomain4.com,2025-02-25 12:45:30.000000,2025-03-02 11:45:30.000000,True,480838038,True,True
419,User_419,998230446621,user419@maildomain2.com,2025-02-13 19:45:30.000000,2025-04-08 05:45:30.000000,True,551946997,True,True
420,User_420,998150305190,user420@maildomain7.com,2025-05-04 16:45:30.000000,2025-02-06 02:45:30.000000,True,584329604,True,True
421,User_421,998512914983,user421@maildomain6.com,2025-04-04 14:45:30.000000,2025-02-07 14:45:30.000000,False,990627398,True,True
422,User_422,998178621102,user422@maildomain9.com,2025-04-04 07:45:30.000000,2025-03-14 15:45:30.000000,False,319259721,True,True
423,User_423,998351670528,user423@maildomain6.com,2025-04-15 02:45:30.000000,2025-04-17 16:45:30.000000,True,122364170,True,True
424,User_424,998748917260,user424@maildomain1.com,2025-03-23 05:45:30.000000,2025-02-09 20:45:30.000000,True,568379617,True,True
425,User_425,998136367643,user425@maildomain4.com,2025-04-29 04:45:30.000000,2025-04-14 10:45:30.000000,True,474251012,True,True
426,User_426,998340484797,user426@maildomain4.com,2025-02-14 17:45:30.000000,2025-04-30 15:45:30.000000,False,950395486,True,True
427,User_427,998640997779,user427@maildomain5.com,2025-03-13 11:45:30.000000,2025-04-16 09:45:30.000000,True,991966366,True,True
428,User_428,998503619689,user428@maildomain5.com,2025-05-03 23:45:30.000000,2025-04-28 18:45:30.000000,False,312882303,True,True
429,User_429,998512987668,user429@maildomain2.com,2025-03-20 19:45:30.000000,2025-05-05 22:45:30.000000,False,539369690,True,True
430,User_430,998248060150,user430@maildomain4.com,2025-03-20 03:45:30.000000,2025-03-03 06:45:30.000000,False,809195408,True,True
431,User_431,998595583395,user431@maildomain2.com,2025-05-03 02:45:30.000000,2025-04-23 10:45:30.000000,False,505195360,True,True
432,User_432,998729976407,user432@maildomain8.com,2025-04-01 07:45:30.000000,2025-04-21 11:45:30.000000,False,525529555,True,True
433,User_433,998332134593,user433@maildomain1.com,2025-04-30 03:45:30.000000,2025-04-27 18:45:30.000000,False,46914736,True,True
434,User_434,998381717865,user434@maildomain6.com,2025-05-01 07:45:30.000000,2025-05-04 01:45:30.000000,True,647436872,True,True
435,User_435,998603456976,user435@maildomain6.com,2025-04-22 02:45:30.000000,2025-04-22 18:45:30.000000,True,258420223,True,True
436,User_436,998668558646,user436@maildomain7.com,2025-03-19 19:45:30.000000,2025-04-19 07:45:30.000000,False,768296208,True,True
437,User_437,998527882883,user437@maildomain2.com,2025-02-28 18:45:30.000000,2025-04-22 00:45:30.000000,False,120664330,True,True
438,User_438,998825221030,user438@maildomain5.com,2025-03-07 01:45:30.000000,2025-03-09 19:45:30.000000,False,504649780,True,True
439,User_439,998675340753,user439@maildomain9.com,2025-04-03 04:45:30.000000,2025-02-07 15:45:30.000000,False,263554910,True,True
440,User_440,998893188707,user440@maildomain9.com,2025-05-01 04:45:30.000000,2025-02-17 14:45:30.000000,True,252809186,True,True
441,User_441,998908064885,user441@maildomain9.com,2025-02-27 03:45:30.000000,2025-03-17 14:45:30.000000,False,863900858,True,True
442,User_442,998361469183,user442@maildomain5.com,2025-04-30 15:45:30.000000,2025-04-15 18:45:30.000000,False,531336633,True,True
443,User_443,998340968190,user443@maildomain6.com,2025-03-13 05:45:30.000000,2025-05-01 16:45:30.000000,True,335734008,True,True
444,User_444,998498452031,user444@maildomain4.com,2025-03-08 02:45:30.000000,2025-04-11 17:45:30.000000,False,317641118,True,True
445,User_445,998369945500,user445@maildomain3.com,2025-03-07 23:45:30.000000,2025-02-11 02:45:30.000000,True,349248367,True,True
446,User_446,998174443473,user446@maildomain6.com,2025-02-08 16:45:30.000000,2025-02-19 00:45:30.000000,True,654099077,True,True
447,User_447,998931050384,user447@maildomain7.com,2025-04-30 05:45:30.000000,2025-03-15 14:45:30.000000,True,853114799,True,True
448,User_448,998394371789,user448@maildomain6.com,2025-04-13 02:45:30.000000,2025-03-22 20:45:30.000000,True,764789899,True,True
449,User_449,998808509718,user449@maildomain1.com,2025-04-16 21:45:30.000000,2025-04-07 01:45:30.000000,False,290095907,True,True
450,User_450,998684484525,user450@maildomain9.com,2025-03-07 16:45:30.000000,2025-04-03 19:45:30.000000,True,395503498,True,True
451,User_451,998347513529,user451@maildomain8.com,2025-04-21 03:45:30.000000,2025-04-27 08:45:30.000000,True,343388147,True,True
452,User_452,998811838332,user452@maildomain3.com,2025-02-26 01:45:30.000000,2025-03-31 04:45:30.000000,True,102443557,True,True
453,User_453,998421422547,user453@maildomain7.com,2025-04-11 12:45:30.000000,2025-02-21 13:45:30.000000,True,629317436,True,True
454,User_454,998798054341,user454@maildomain1.com,2025-03-01 15:45:30.000000,2025-04-07 03:45:30.000000,True,673692449,True,True
455,User_455,998837697349,user455@maildomain3.com,2025-04-07 19:45:30.000000,2025-02-10 21:45:30.000000,True,913162048,True,True
456,User_456,998413200494,user456@maildomain8.com,2025-03-25 20:45:30.000000,2025-03-15 11:45:30.000000,False,778009791,True,True
457,User_457,998241802690,user457@maildomain2.com,2025-03-05 14:45:30.000000,2025-04-07 10:45:30.000000,False,828548245,True,True
458,User_458,998274055176,user458@maildomain6.com,2025-04-16 09:45:30.000000,2025-03-24 14:45:30.000000,True,917412411,True,True
459,User_459,998140487507,user459@maildomain8.com,2025-05-02 16:45:30.000000,2025-03-17 20:45:30.000000,False,454657998,True,True
460,User_460,998644649420,user460@maildomain5.com,2025-03-12 08:45:30.000000,2025-04-24 09:45:30.000000,False,494447550,True,True
461,User_461,998941799683,user461@maildomain4.com,2025-05-03 01:45:30.000000,2025-03-12 20:45:30.000000,True,475602401,True,True
462,User_462,998433514370,user462@maildomain5.com,2025-03-31 12:45:30.000000,2025-02-08 19:45:30.000000,True,517273184,True,True
463,User_463,998867626040,user463@maildomain1.com,2025-02-14 22:45:30.000000,2025-03-22 19:45:30.000000,True,161097936,True,True
464,User_464,998201424102,user464@maildomain4.com,2025-04-09 02:45:30.000000,2025-03-15 17:45:30.000000,False,20373902,True,True
465,User_465,998526013286,user465@maildomain4.com,2025-03-28 09:45:30.000000,2025-04-14 21:45:30.000000,False,798169929,True,True
466,User_466,998648743963,user466@maildomain6.com,2025-03-10 21:45:30.000000,2025-02-23 12:45:30.000000,False,640293040,True,True
467,User_467,998838585715,user467@maildomain3.com,2025-04-11 18:45:30.000000,2025-04-03 21:45:30.000000,True,59831547,True,True
468,User_468,998906716543,user468@maildomain6.com,2025-03-20 08:45:30.000000,2025-04-12 16:45:30.000000,False,678452438,True,True
469,User_469,998918101923,user469@maildomain6.com,2025-02-19 15:45:30.000000,2025-05-01 13:45:30.000000,False,125832231,True,True
470,User_470,998201644179,user470@maildomain10.com,2025-04-27 14:45:30.000000,2025-05-04 12:45:30.000000,False,763136242,True,True
471,User_471,998243686718,user471@maildomain3.com,2025-04-03 05:45:30.000000,2025-03-26 20:45:30.000000,False,977426590,True,True
472,User_472,998831072972,user472@maildomain6.com,2025-03-07 23:45:30.000000,2025-04-24 18:45:30.000000,False,678662090,True,True
473,User_473,998440029166,user473@maildomain2.com,2025-03-15 13:45:30.000000,2025-02-27 09:45:30.000000,False,411603189,True,True
474,User_474,998320077726,user474@maildomain4.com,2025-04-17 12:45:30.000000,2025-02-11 04:45:30.000000,False,992954379,True,True
475,User_475,998965262084,user475@maildomain1.com,2025-03-19 16:45:30.000000,2025-03-13 13:45:30.000000,True,848364775,True,True
476,User_476,998637826497,user476@maildomain6.com,2025-04-19 20:45:30.000000,2025-05-06 10:45:30.000000,False,720667569,True,True
477,User_477,998409940457,user477@maildomain6.com,2025-02-08 13:45:30.000000,2025-02-13 20:45:30.000000,False,390604946,True,True
478,User_478,998406032868,user478@maildomain5.com,2025-04-30 23:45:30.000000,2025-04-30 14:45:30.000000,True,896093258,True,True
479,User_479,998409257175,user479@maildomain5.com,2025-04-29 10:45:30.000000,2025-04-14 20:45:30.000000,False,356250087,True,True
480,User_480,998245077112,user480@maildomain8.com,2025-03-29 01:45:30.000000,2025-03-01 21:45:30.000000,True,452799021,True,True
481,User_481,998231216758,user481@maildomain2.com,2025-05-05 06:45:30.000000,2025-02-20 22:45:30.000000,False,307781525,True,True
482,User_482,998518027538,user482@maildomain6.com,2025-02-25 02:45:30.000000,2025-03-14 16:45:30.000000,True,777767576,True,True
483,User_483,998583396938,user483@maildomain5.com,2025-04-23 19:45:30.000000,2025-04-14 01:45:30.000000,True,785315532,True,True
484,User_484,998561238720,user484@maildomain6.com,2025-03-16 12:45:30.000000,2025-04-15 13:45:30.000000,False,135678186,True,True
485,User_485,998245132349,user485@maildomain8.com,2025-04-04 14:45:30.000000,2025-04-16 15:45:30.000000,False,768530333,True,True
486,User_486,998374754212,user486@maildomain10.com,2025-04-17 22:45:30.000000,2025-03-04 22:45:30.000000,True,221120603,True,True
487,User_487,998995971378,user487@maildomain8.com,2025-02-19 15:45:30.000000,2025-03-31 02:45:30.000000,False,939917071,True,True
488,User_488,998347560869,user488@maildomain6.com,2025-03-11 12:45:30.000000,2025-04-30 14:45:30.000000,False,474144720,True,True
489,User_489,998645023651,user489@maildomain1.com,2025-03-13 04:45:30.000000,2025-05-03 02:45:30.000000,True,721964582,True,True
490,User_490,998335724900,user490@maildomain6.com,2025-02-08 18:45:30.000000,2025-03-20 23:45:30.000000,False,872324695,True,True
491,User_491,998765073381,user491@maildomain1.com,2025-02-12 12:45:30.000000,2025-03-13 04:45:30.000000,False,729063743,True,True
492,User_492,998802808105,user492@maildomain3.com,2025-04-28 20:45:30.000000,2025-03-04 19:45:30.000000,False,872751723,True,True
493,User_493,998350653669,user493@maildomain7.com,2025-02-13 04:45:30.000000,2025-04-22 12:45:30.000000,True,595528895,True,True
494,User_494,998685885004,user494@maildomain10.com,2025-04-23 08:45:30.000000,2025-04-23 10:45:30.000000,False,855805582,True,True
495,User_495,998669607285,user495@maildomain2.com,2025-04-05 20:45:30.000000,2025-04-07 20:45:30.000000,False,371757396,True,True
496,User_496,998122409249,user496@maildomain6.com,2025-04-22 14:45:30.000000,2025-03-28 22:45:30.000000,True,667069677,True,True
497,User_497,998313488582,user497@maildomain3.com,2025-03-13 15:45:30.000000,2025-03-17 00:45:30.000000,False,754698909,True,True
498,User_498,998412670641,user498@maildomain2.com,2025-02-12 09:45:30.000000,2025-05-06 07:45:30.000000,True,468745048,True,True
499,User_499,998473164354,user499@maildomain2.com,2025-02-10 20:45:30.000000,2025-05-03 22:45:30.000000,False,760947347,True,True
500,User_500,998657988206,user500@maildomain8.com,2025-02-14 23:45:30.000000,2025-02-24 23:45:30.000000,True,493744949,True,True
501,User_501,998966424493,user501@maildomain6.com,2025-03-14 09:45:30.000000,2025-02-12 09:45:30.000000,False,951114196,True,True
502,User_502,998702996630,user502@maildomain4.com,2025-04-05 15:45:30.000000,2025-04-22 04:45:30.000000,True,197276562,True,True
503,User_503,998160344629,user503@maildomain10.com,2025-04-13 20:45:30.000000,2025-02-11 14:45:30.000000,True,236542521,True,True
504,User_504,998353148242,user504@maildomain2.com,2025-03-23 08:45:30.000000,2025-02-26 14:45:30.000000,True,130584700,True,True
505,User_505,998844266919,user505@maildomain6.com,2025-04-05 15:45:30.000000,2025-04-28 21:45:30.000000,False,209713310,True,True
506,User_506,998855500511,user506@maildomain6.com,2025-02-12 12:45:30.000000,2025-05-01 19:45:30.000000,True,41533870,True,True
507,User_507,998136586798,user507@maildomain7.com,2025-03-02 19:45:30.000000,2025-04-09 19:45:30.000000,False,425652099,True,True
508,User_508,998148051409,user508@maildomain10.com,2025-04-28 20:45:30.000000,2025-03-31 03:45:30.000000,False,543916282,True,True
509,User_509,998891631790,user509@maildomain5.com,2025-04-05 16:45:30.000000,2025-03-27 11:45:30.000000,False,839115278,True,True
510,User_510,998107729842,user510@maildomain5.com,2025-02-19 01:45:30.000000,2025-03-02 12:45:30.000000,False,624260670,True,True
511,User_511,998401083943,user511@maildomain10.com,2025-04-09 06:45:30.000000,2025-03-15 07:45:30.000000,False,564527978,True,True
512,User_512,998607847610,user512@maildomain9.com,2025-04-05 17:45:30.000000,2025-02-25 23:45:30.000000,False,791053276,True,True
513,User_513,998437826743,user513@maildomain9.com,2025-03-24 19:45:30.000000,2025-03-16 10:45:30.000000,True,18375633,True,True
514,User_514,998177454343,user514@maildomain7.com,2025-03-13 08:45:30.000000,2025-02-23 00:45:30.000000,True,641627965,True,True
515,User_515,998847212008,user515@maildomain8.com,2025-03-18 01:45:30.000000,2025-03-30 02:45:30.000000,False,108765950,True,True
516,User_516,998441068499,user516@maildomain3.com,2025-04-17 06:45:30.000000,2025-02-22 15:45:30.000000,True,271866157,True,True
517,User_517,998510721654,user517@maildomain10.com,2025-02-10 20:45:30.000000,2025-02-16 15:45:30.000000,True,920984385,True,True
518,User_518,998979549799,user518@maildomain2.com,2025-04-04 02:45:30.000000,2025-03-26 23:45:30.000000,False,611842658,True,True
519,User_519,998761703275,user519@maildomain10.com,2025-02-24 19:45:30.000000,2025-03-20 21:45:30.000000,False,833272762,True,True
520,User_520,998557894921,user520@maildomain9.com,2025-04-29 17:45:30.000000,2025-03-13 02:45:30.000000,False,718966905,True,True
521,User_521,998966923569,user521@maildomain1.com,2025-02-24 13:45:30.000000,2025-03-20 00:45:30.000000,False,918373584,True,True
522,User_522,998534182455,user522@maildomain5.com,2025-03-04 11:45:30.000000,2025-05-04 03:45:30.000000,True,446067015,True,True
523,User_523,998341171825,user523@maildomain9.com,2025-03-27 04:45:30.000000,2025-03-26 12:45:30.000000,True,395198404,True,True
524,User_524,998415076838,user524@maildomain7.com,2025-03-04 14:45:30.000000,2025-05-04 09:45:30.000000,False,935297046,True,True
525,User_525,998338585631,user525@maildomain2.com,2025-04-17 20:45:30.000000,2025-03-07 13:45:30.000000,False,321239863,True,True
526,User_526,998441085152,user526@maildomain4.com,2025-03-10 09:45:30.000000,2025-04-15 01:45:30.000000,False,773484021,True,True
527,User_527,998535122766,user527@maildomain1.com,2025-02-17 01:45:30.000000,2025-03-24 03:45:30.000000,False,971907899,True,True
528,User_528,998824298789,user528@maildomain8.com,2025-03-07 21:45:30.000000,2025-02-27 11:45:30.000000,True,996538766,True,True
529,User_529,998435552356,user529@maildomain7.com,2025-04-22 18:45:30.000000,2025-05-06 06:45:30.000000,True,355867832,True,True
530,User_530,998165815157,user530@maildomain10.com,2025-02-14 09:45:30.000000,2025-03-10 21:45:30.000000,False,577019361,True,True
531,User_531,998717368494,user531@maildomain2.com,2025-03-18 05:45:30.000000,2025-03-17 00:45:30.000000,True,59085812,True,True
532,User_532,998608369220,user532@maildomain5.com,2025-02-24 04:45:30.000000,2025-04-30 16:45:30.000000,True,718842705,True,True
533,User_533,998619056355,user533@maildomain10.com,2025-04-25 08:45:30.000000,2025-02-26 12:45:30.000000,False,819339988,True,True
534,User_534,998922255818,user534@maildomain2.com,2025-02-28 21:45:30.000000,2025-04-15 23:45:30.000000,False,95717498,True,True
535,User_535,998538061576,user535@maildomain5.com,2025-02-07 02:45:30.000000,2025-03-24 16:45:30.000000,False,66677105,True,True
536,User_536,998846603305,user536@maildomain9.com,2025-04-11 08:45:30.000000,2025-02-13 14:45:30.000000,True,631183631,True,True
537,User_537,998798629860,user537@maildomain9.com,2025-03-28 05:45:30.000000,2025-03-27 06:45:30.000000,True,132371531,True,True
538,User_538,998238019106,user538@maildomain10.com,2025-04-19 22:45:30.000000,2025-04-10 17:45:30.000000,True,557143999,True,True
539,User_539,998694086833,user539@maildomain4.com,2025-02-17 09:45:30.000000,2025-05-03 01:45:30.000000,False,729817478,True,True
540,User_540,998572623724,user540@maildomain2.com,2025-02-28 02:45:30.000000,2025-04-01 22:45:30.000000,False,905333769,True,True
541,User_541,998250868378,user541@maildomain1.com,2025-02-05 17:45:30.000000,2025-03-10 13:45:30.000000,False,437633624,True,True
542,User_542,998994981835,user542@maildomain7.com,2025-03-07 17:45:30.000000,2025-03-30 06:45:30.000000,True,81054481,True,True
543,User_543,998131878127,user543@maildomain4.com,2025-04-18 03:45:30.000000,2025-02-26 17:45:30.000000,True,579019805,True,True
544,User_544,998363725338,user544@maildomain9.com,2025-02-05 04:45:30.000000,2025-03-03 07:45:30.000000,False,293423592,True,True
545,User_545,998534684154,user545@maildomain5.com,2025-03-04 23:45:30.000000,2025-04-30 06:45:30.000000,False,896309791,True,True
546,User_546,998221995229,user546@maildomain10.com,2025-02-16 16:45:30.000000,2025-03-01 02:45:30.000000,True,811058795,True,True
547,User_547,998259581784,user547@maildomain4.com,2025-04-05 08:45:30.000000,2025-03-28 10:45:30.000000,True,203712914,True,True
548,User_548,998611833421,user548@maildomain4.com,2025-03-03 07:45:30.000000,2025-04-09 18:45:30.000000,True,743324248,True,True
549,User_549,998181784727,user549@maildomain3.com,2025-03-24 01:45:30.000000,2025-04-23 18:45:30.000000,True,125154322,True,True
550,User_550,998261594098,user550@maildomain2.com,2025-03-04 05:45:30.000000,2025-04-27 05:45:30.000000,True,178759864,True,True
551,User_551,998331150044,user551@maildomain2.com,2025-04-10 12:45:30.000000,2025-03-16 20:45:30.000000,True,73579988,True,True
552,User_552,998243438917,user552@maildomain6.com,2025-03-21 14:45:30.000000,2025-04-13 15:45:30.000000,False,374516080,True,True
553,User_553,998342134913,user553@maildomain5.com,2025-03-02 11:45:30.000000,2025-04-17 10:45:30.000000,True,238301778,True,True
554,User_554,998889122668,user554@maildomain6.com,2025-02-26 03:45:30.000000,2025-04-04 12:45:30.000000,True,236293966,True,True
555,User_555,998293911660,user555@maildomain9.com,2025-03-08 01:45:30.000000,2025-04-27 03:45:30.000000,True,161659321,True,True
556,User_556,998720482842,user556@maildomain8.com,2025-02-15 20:45:30.000000,2025-04-14 16:45:30.000000,True,723277817,True,True
557,User_557,998946072300,user557@maildomain7.com,2025-03-14 12:45:30.000000,2025-03-05 16:45:30.000000,False,875471000,True,True
558,User_558,998979400187,user558@maildomain9.com,2025-04-24 03:45:30.000000,2025-03-13 01:45:30.000000,False,711988199,True,True
559,User_559,998777588430,user559@maildomain2.com,2025-05-01 12:45:30.000000,2025-02-17 16:45:30.000000,True,858217532,True,True
560,User_560,998875326142,user560@maildomain1.com,2025-04-29 00:45:30.000000,2025-03-29 16:45:30.000000,True,766245682,True,True
561,User_561,998792601693,user561@maildomain7.com,2025-02-21 18:45:30.000000,2025-03-23 20:45:30.000000,True,918213536,True,True
562,User_562,998840844484,user562@maildomain9.com,2025-04-24 18:45:30.000000,2025-04-27 17:45:30.000000,True,869770249,True,True
563,User_563,998548448951,user563@maildomain5.com,2025-03-31 14:45:30.000000,2025-02-21 07:45:30.000000,True,88611150,True,True
564,User_564,998394433972,user564@maildomain9.com,2025-04-20 14:45:30.000000,2025-03-12 00:45:30.000000,True,119947748,True,True
565,User_565,998658159193,user565@maildomain9.com,2025-03-18 21:45:30.000000,2025-03-14 01:45:30.000000,False,230304295,True,True
566,User_566,998276047142,user566@maildomain2.com,2025-03-24 11:45:30.000000,2025-04-15 04:45:30.000000,True,254212107,True,True
567,User_567,998309715037,user567@maildomain1.com,2025-05-02 07:45:30.000000,2025-02-28 23:45:30.000000,True,554526827,True,True
568,User_568,998772189255,user568@maildomain7.com,2025-02-27 01:45:30.000000,2025-03-15 18:45:30.000000,False,389134207,True,True
569,User_569,998192544744,user569@maildomain8.com,2025-03-15 21:45:30.000000,2025-03-19 12:45:30.000000,False,989645377,True,True
570,User_570,998624450635,user570@maildomain6.com,2025-04-15 23:45:30.000000,2025-02-21 09:45:30.000000,True,239899638,True,True
571,User_571,998938623819,user571@maildomain6.com,2025-04-13 23:45:30.000000,2025-04-16 08:45:30.000000,False,672502013,True,True
572,User_572,998553482412,user572@maildomain3.com,2025-04-28 01:45:30.000000,2025-02-20 07:45:30.000000,False,373220898,True,True
573,User_573,998317681971,user573@maildomain3.com,2025-03-23 22:45:30.000000,2025-05-05 02:45:30.000000,False,733380297,True,True
574,User_574,998720317546,user574@maildomain2.com,2025-03-11 15:45:30.000000,2025-04-28 19:45:30.000000,True,896759366,True,True
575,User_575,998249025105,user575@maildomain8.com,2025-03-18 07:45:30.000000,2025-02-27 19:45:30.000000,False,290776598,True,True
576,User_576,998896236827,user576@maildomain1.com,2025-04-27 18:45:30.000000,2025-02-08 07:45:30.000000,False,923046870,True,True
577,User_577,998857263633,user577@maildomain4.com,2025-04-19 00:45:30.000000,2025-03-23 22:45:30.000000,True,177810565,True,True
578,User_578,998533460194,user578@maildomain5.com,2025-04-28 08:45:30.000000,2025-03-28 12:45:30.000000,True,217575029,True,True
579,User_579,998431803018,user579@maildomain6.com,2025-03-24 12:45:30.000000,2025-02-19 10:45:30.000000,False,632025988,True,True
580,User_580,998241124784,user580@maildomain5.com,2025-03-20 07:45:30.000000,2025-03-02 02:45:30.000000,False,669807266,True,True
581,User_581,998133056489,user581@maildomain9.com,2025-03-03 15:45:30.000000,2025-04-30 21:45:30.000000,True,296163060,True,True
582,User_582,998139273535,user582@maildomain9.com,2025-03-05 10:45:30.000000,2025-03-26 16:45:30.000000,True,586220421,True,True
583,User_583,998301580982,user583@maildomain2.com,2025-04-23 05:45:30.000000,2025-05-05 18:45:30.000000,True,693178441,True,True
584,User_584,998181017151,user584@maildomain4.com,2025-03-12 16:45:30.000000,2025-04-18 01:45:30.000000,True,34242093,True,True
585,User_585,998139844406,user585@maildomain9.com,2025-05-02 14:45:30.000000,2025-03-23 11:45:30.000000,False,959005404,True,True
586,User_586,998466257502,user586@maildomain9.com,2025-03-30 00:45:30.000000,2025-04-04 19:45:30.000000,False,447882548,True,True
587,User_587,998659044155,user587@maildomain1.com,2025-02-24 18:45:30.000000,2025-03-20 22:45:30.000000,False,486509972,True,True
588,User_588,998727122380,user588@maildomain8.com,2025-04-13 02:45:30.000000,2025-04-17 23:45:30.000000,False,54621278,True,True
589,User_589,998230249102,user589@maildomain3.com,2025-02-10 22:45:30.000000,2025-03-03 00:45:30.000000,True,462508538,True,True
590,User_590,998553082367,user590@maildomain4.com,2025-02-11 04:45:30.000000,2025-02-04 14:45:30.000000,True,268095053,True,True
591,User_591,998676334969,user591@maildomain3.com,2025-03-28 10:45:30.000000,2025-03-20 12:45:30.000000,True,871119314,True,True
592,User_592,998196588174,user592@maildomain6.com,2025-03-03 01:45:30.000000,2025-04-21 09:45:30.000000,True,573770986,True,True
593,User_593,998813278959,user593@maildomain3.com,2025-02-07 16:45:30.000000,2025-03-02 05:45:30.000000,True,508888288,True,True
594,User_594,998470254434,user594@maildomain4.com,2025-03-30 01:45:30.000000,2025-03-10 01:45:30.000000,False,690708657,True,True
595,User_595,998214989831,user595@maildomain8.com,2025-04-07 18:45:30.000000,2025-02-10 21:45:30.000000,True,452239458,True,True
596,User_596,998614429540,user596@maildomain2.com,2025-04-04 17:45:30.000000,2025-05-01 23:45:30.000000,False,671735419,True,True
597,User_597,998388955272,user597@maildomain3.com,2025-04-26 16:45:30.000000,2025-03-19 04:45:30.000000,False,321984936,True,True
598,User_598,998825472172,user598@maildomain9.com,2025-04-05 16:45:30.000000,2025-03-17 07:45:30.000000,False,893319761,True,True
599,User_599,998504703856,user599@maildomain4.com,2025-03-19 14:45:30.000000,2025-05-03 11:45:30.000000,False,713705861,True,True
600,User_600,998127292187,user600@maildomain3.com,2025-04-11 01:45:30.000000,2025-03-12 22:45:30.000000,True,388764188,True,True
