05-00,05-01,05-02,05-03,05-04,05-05
1,daily,2025-02-04,19,14,139661264
2,daily,2025-02-05,26,20,212320268
3,daily,2025-02-06,31,24,245414912
4,daily,2025-02-07,28,23,248493259
5,daily,2025-02-08,34,28,315827714
6,daily,2025-02-09,30,23,245148341
7,daily,2025-02-10,30,24,250969382
8,daily,2025-02-11,31,21,246619273
9,daily,2025-02-12,35,21,259235738
10,daily,2025-02-13,30,22,216864202
11,daily,2025-02-14,17,10,116706910
12,daily,2025-02-15,37,27,302995918
13,daily,2025-02-16,33,24,261896017
14,daily,2025-02-17,42,29,321787856
15,daily,2025-02-18,26,14,170091824
16,daily,2025-02-19,38,24,279605804
17,daily,2025-02-20,28,22,234022371
18,daily,2025-02-21,37,24,271219809
19,daily,2025-02-22,34,18,234100911
20,daily,2025-02-23,38,23,255691580
21,daily,2025-02-24,38,26,274048998
22,daily,2025-02-25,28,19,216650798
23,daily,2025-02-26,33,22,281086396
24,daily,2025-02-27,34,25,273295967
25,daily,2025-02-28,26,17,194133811
26,daily,2025-03-01,29,16,194677741
27,daily,2025-03-02,30,22,245314690
28,daily,2025-03-03,25,15,170227984
29,daily,2025-03-04,44,33,366317374
30,daily,2025-03-05,40,29,302846204
31,daily,2025-03-06,36,21,230698720
32,daily,2025-03-07,35,23,268792427
33,daily,2025-03-08,32,21,239297986
34,daily,2025-03-09,41,23,263338781
35,daily,2025-03-10,37,25,286761831
36,daily,2025-03-11,32,20,224637350
37,daily,2025-03-12,31,19,197345144
38,daily,2025-03-13,30,19,222101678
39,daily,2025-03-14,33,20,234200414
40,daily,2025-03-15,35,27,277528217
41,daily,2025-03-16,31,24,255730386
42,daily,2025-03-17,35,23,247749183
43,daily,2025-03-18,31,26,264419222
44,daily,2025-03-19,25,20,211292191
45,daily,2025-03-20,28,19,208870351
46,daily,2025-03-21,31,19,185154078
47,daily,2025-03-22,31,23,238875282
48,daily,2025-03-23,33,23,234763707
49,daily,2025-03-24,32,24,269387630
50,daily,2025-03-25,30,22,224508942
51,daily,2025-03-26,37,27,278193513
52,daily,2025-03-27,30,19,208347423
53,daily,2025-03-28,31,23,245164483
54,daily,2025-03-29,36,22,272550778
55,daily,2025-03-30,38,27,288240740
56,daily,2025-03-31,27,18,221345237
57,daily,2025-04-01,33,23,261630307
58,daily,2025-04-02,29,18,217876032
59,daily,2025-04-03,29,20,196411359
60,daily,2025-04-04,47,33,383416979
61,daily,2025-04-05,31,21,245455283
62,daily,2025-04-06,38,25,313892798
63,daily,2025-04-07,40,28,362463751
64,daily,2025-04-08,32,20,241819111
65,daily,2025-04-09,36,24,273204218
66,daily,2025-04-10,32,22,225619468
67,daily,2025-04-11,30,26,245143335
68,daily,2025-04-12,29,21,246103629
69,daily,2025-04-13,30,20,241294915
70,daily,2025-04-14,33,23,228748482
71,daily,2025-04-15,32,20,188868348
72,daily,2025-04-16,33,22,246795932
73,daily,2025-04-17,26,17,179684996
74,daily,2025-04-18,39,27,297944677
75,daily,2025-04-19,26,19,211369370
76,daily,2025-04-20,47,34,400580974
77,daily,2025-04-21,34,23,260208029
78,daily,2025-04-22,37,23,287541251
79,daily,2025-04-23,47,34,380018010
80,daily,2025-04-24,21,14,167299892
81,daily,2025-04-25,35,25,301611610
82,daily,2025-04-26,33,19,233366610
83,daily,2025-04-27,31,22,249966705
84,daily,2025-04-28,32,23,245743073
85,daily,2025-04-29,28,16,179925274
86,daily,2025-04-30,44,32,335861350
87,daily,2025-05-01,23,12,163521446
88,daily,2025-05-02,36,29,323671677
89,daily,2025-05-03,36,25,262846948
90,daily,2025-05-04,33,23,254404759
91,daily,2025-05-05,43,30,326867843
92,daily,2025-05-06,16,14,146401310
